gtfsid,mapurl
7400001,http://sl.se/ficktid/karta%2Fvinter/City%5Fterm.pdf
7400002,http://www.vasttrafik.se/Global/Kartor/KartorDecember2012/Terminalkartor/terminalkarta-centralstationen.pdf
7400003,http://www.skanetrafiken.se/upload/Dokumentbank/Stationskartor2013/Malmö_centralen.pdf
7400006,http://www.skanetrafiken.se/upload/Dokumentbank/Stationskartor2013/Hässleholm_central.pdf
7400008,http://www.vasttrafik.se/Global/Kartor/Terminalkartor/Sk%c3%b6vdeResecentrum.pdf
7400011,http://www.skanetrafiken.se/upload/Dokumentbank/Stationskartor2013/Teckomatorp.pdf
7400014,http://www.vasttrafik.se/Global/Kartor/Terminalkartor/Stenungsund.pdf
7400016,http://www.vasttrafik.se/Global/Kartor/Kartorjuni2012/Terminalkartor/Skaraborg/Vara%20Resecentrum.pdf
7400020,http://www.klt.se/PageFiles/4604/Terminalkarta_Kalmar.pdf
7400022,http://www.skanetrafiken.se/upload/Dokumentbank/Stationskartor2013/Perstorp.pdf
7400027,http://sl.se/ficktid/karta%2Fvinter/Marsta%5Fterm.pdf
7400028,http://www.skanetrafiken.se/upload/Dokumentbank/Stationskartor2013/Ystad.pdf
7400031,http://sl.se/ficktid/karta%2Fvinter/Flemingsberg%5Fterm.pdf
7400040,http://www.vasttrafik.se/Global/Kartor/Kartorjuni2012/Terminalkartor/Sjuh%c3%a4rad/Herrljunga.pdf
7400044,http://www.skanetrafiken.se/upload/Dokumentbank/Stationskartor2013/Helsingborg_central.pdf
7400049,http://sl.se/ficktid/karta%2Fvinter/S%F6dert%E4lje%5Fhamn%5Fterm.pdf
7400055,http://sl.se/ficktid/karta%2Fvinter/S%F6dert%E4lje%5Fsyd%5Fterm.pdf
7400060,http://www.vasttrafik.se/Global/Kartor/KartorDecember2012/Terminalkartor/falkopings-resecentrum.pdf
7400061,http://www.skanetrafiken.se/upload/Dokumentbank/Stationskartor2013/Båstad.pdf
7400064,http://www.skanetrafiken.se/upload/Dokumentbank/Stationskartor2013/Ängelholm.pdf
7400066,http://www.vasttrafik.se/Global/Kartor/KartorDecember2012/Terminalkartor/nol-station.pdf
7400069,http://www.blekingetrafiken.se//Documents/Stationskartor/Ronneby station.pdf
7400073,http://www.blekingetrafiken.se//Documents/Stationskartor/Karlshamn station.pdf
7400075,http://www.vasttrafik.se/Global/Kartor/Kartorjuni2012/Terminalkartor/Fyrbodal/Skee%20Station.pdf
7400079,http://www.blekingetrafiken.se//Documents/Stationskartor/Sölvesborg station.pdf
7400081,http://www.vasttrafik.se/Global/Kartor/KartorDecember2012/Terminalkartor/nodinge-station.pdf
7400082,http://www.klt.se/PageFiles/4604/Terminalkarta_Vastervik.pdf
7400094,http://www.vasttrafik.se/Global/Kartor/Kartorjuni2012/Terminalkartor/Sjuh%c3%a4rad/Ulricehamn.pdf
7400096,http://www.klt.se/PageFiles/4604/Terminalkarta_Emmaboda.pdf
7400100,http://www.vasttrafik.se/Global/Kartor/Kartorjuni2012/Terminalkartor/Sjuh%c3%a4rad/Limmared.pdf
7400102,http://www.skanetrafiken.se/upload/Dokumentbank/Stationskartor2013/Bjuv.pdf
7400107,http://www.vasttrafik.se/Global/Kartor/KartorDecember2012/Terminalkartor/grastorp-terminalkarta.pdf
7400120,http://www.skanetrafiken.se/upload/Dokumentbank/Stationskartor2013/Lund C.pdf
7400121,http://www.skanetrafiken.se/upload/Dokumentbank/Stationskartor2013/Klippan.pdf
7400128,http://www.x-trafik.se/files/4/17/43/82/skiss%20bollnas%20jvstn.pdf
7400133,http://www.lanstrafiken.se/upload/Lanstrafiken/Orebro/Dokument/BUSSKARTA%202%20Tidtabell.pdf Örebro
7400138,http://www.skanetrafiken.se/upload/Dokumentbank/Stationskartor2013/Skurup.pdf
7400141,http://www.skanetrafiken.se/upload/Dokumentbank/Stationskartor2013/Bromolla.pdf
7400148,http://www.vasttrafik.se/Global/Kartor/KartorDecember2012/Terminalkartor/lidkopings-resecentrum.pdf
7400154,http://www.xtrafik.se/files/4/17/43/95/skiss%20soderhamn%20resecentrum%202011.pdf
7400155,http://www.skanetrafiken.se/upload/Dokumentbank/Stationskartor2013/Åstorp.pdf
7400161,http://www.vasttrafik.se/Global/Kartor/KartorDecember2012/Terminalkartor/kungsbacka-terminalkarta.pdf
7400169,http://www.skanetrafiken.se/upload/Dokumentbank/Stationskartor2013/Simrishamn.pdf
7400179,http://www.skanetrafiken.se/upload/Dokumentbank/Stationskartor2013/Vinslöv.pdf
7400183,http://www.vasttrafik.se/Global/Kartor/Kartorjuni2012/Terminalkartor/Skaraborg/T%c3%b6reboda%20Resecentrum.pdf
7400185,http://www.skanetrafiken.se/upload/Dokumentbank/Stationskartor2013/Höör.pdf
7400187,http://www.x-trafik.se/files/4/17/43/95/skiss%20hudiksvalls%20station%20111114%20-%20inne.pdf
7400189,http://www.klt.se/PageFiles/4604/Terminalkarta_Nybro.pdf
7400191,http://www.vasttrafik.se/Global/Kartor/KartorDecember2012/Terminalkartor/trollhattan-resecentrum.pdf
7400195,http://www.xtrafik.se/files/4/17/43/95/sandviken%20resecentrum.pdf
7400198,http://www.x-trafik.se/files/4/17/43/95/skiss%20ljusdals%20resecentrum(1).pdf
7400200,http://www.skanetrafiken.se/upload/Dokumentbank/Stationskartor2013/Kristianstad_centralen.pdf
7400210,http://www.x-trafik.se/files/4/18/38/42/gavle%20central%20info%20omlaggning-695x995.pdf
7400216,http://www.vasttrafik.se/Global/Kartor/KartorDecember2012/Terminalkartor/mariestad-resecentrum.pdf
7400230,http://www.blekingetrafiken.se//Documents/Stationskartor/Karlskrona station.pdf
7400241,http://www.vasttrafik.se/Global/Kartor/KartorDecember2012/Terminalkartor/vanersborg-terminalkarta.pdf
7400243,http://www.vasttrafik.se/Global/Kartor/Kartorjuni2012/Terminalkartor/Sjuh%c3%a4rad/Bollebygd%20busstation.pdf
7400260,http://www.skanetrafiken.se/upload/Dokumentbank/Stationskartor2013/Eslöv.pdf
7400284,http://sl.se/ficktid/karta%2Fvinter/Kungs%E4ngen%5Fterm.pdf
7400290,http://www.skanetrafiken.se/upload/Dokumentbank/Stationskartor2013/Tyringe.pdf
7400295,http://www.skanetrafiken.se/upload/Dokumentbank/Stationskartor2013/Osby.pdf
7400300,http://www.vasttrafik.se/Global/Kartor/KartorDecember2012/Terminalkartor/boras-resecentrum-terminalkarta.pdf
7400315,http://www.vasttrafik.se/Global/Kartor/KartorDecember2012/Terminalkartor/terminalkarta-molndal-centrum-molndal-station.pdf
7400323,http://www.skanetrafiken.se/upload/Dokumentbank/Stationskartor2013/Tomelilla.pdf
7400335,http://www.vasttrafik.se/Global/Kartor/Terminalkartor/K%c3%a5lleredsstation.pdf
7400348,http://www.klt.se/PageFiles/4604/terminalkarta_hultsfredd.pdf
7400351,http://www.klt.se/PageFiles/4604/Terminalkarta_Vimmerby.pdf
7400366,http://www.blekingetrafiken.se//Documents/Stationskartor/Mörrum station.pdf
7400368,http://www.blekingetrafiken.se//Documents/Stationskartor/Bräkne Hoby station.pdf
7400373,http://www.vasttrafik.se/Global/Kartor/KartorDecember2012/Terminalkartor/tibro-busstation.pdf
7400383,http://sl.se/ficktid/karta%2Fvinter/Barkarby%5Fterm.pdf
7400397,http://www.skanetrafiken.se/upload/Dokumentbank/Stationskartor2013/Svedala.pdf
7400415,http://www.skanetrafiken.se/upload/Dokumentbank/Stationskartor2013/Rydsgård.pdf
7400441,http://www.blekingetrafiken.se//Documents/Stationskartor/Olofström station.pdf
7400480,http://www.vasttrafik.se/Global/Kartor/Kartorjuni2012/Terminalkartor/Fyrbodal/Kampenhof.pdf
7400502,http://www.vasttrafik.se/Global/Kartor/Kartorjuni2012/Terminalkartor/Sjuh%c3%a4rad/Svenljunga.pdf
7400512,http://www.vasttrafik.se/Global/Kartor/KartorDecember2012/Terminalkartor/gotene-busstation.pdf
7400515,http://www.vasttrafik.se/Global/Kartor/KartorDecember2012/Terminalkartor/terminalkarta-henans-bussterminal.pdf
7400520,http://www.skanetrafiken.se/upload/Dokumentbank/Stationskartor2013/Påarp.pdf
7400523,http://www.vasttrafik.se/Global/Kartor/Kartorjuni2012/Terminalkartor/Sjuh%c3%a4rad/Tranemo.pdf
7400557,http://www.vasttrafik.se/Global/Kartor/Terminalkartor/Lindomestation.pdf
7400558,http://www.klt.se/PageFiles/4604/terminalkarta_borgholm.pdf
7400561,http://www.klt.se/PageFiles/4604/Terminalkarta_Monsteras.pdf
7400580,http://www.vasttrafik.se/Global/Kartor/KartorDecember2012/Terminalkartor/kungalv-terminalkarta.pdf
7400580,http://www.vasttrafik.se/Global/Kartor/Terminalkartor/Kung%c3%a4lv.pdf
7400585,http://www.vasttrafik.se/Global/Kartor/Kartorjuni2012/Terminalkartor/G%c3%b6teborgsomr%c3%a5det/Ytterby.pdf
7400591,http://www.skanetrafiken.se/upload/Dokumentbank/Stationskartor2013/Hörby.pdf
7400608,http://www.vasttrafik.se/Global/Kartor/KartorDecember2012/Terminalkartor/hjo-busstation.pdf
7400611,http://www.vasttrafik.se/Global/Kartor/KartorDecember2012/Terminalkartor/skara-busstation.pdf
7400622,http://sl.se/ficktid/karta%2Fvinter/City%5Fterm.pdf
7400623,http://sl.se/ficktid/karta%2Fvinter/Rotebro%5Fterm.pdf
7400665,http://sl.se/ficktid/karta%2Fvinter/Norrtalje%5Fterm.pdf
7400666,http://sl.se/ficktid/karta%2Fvinter/Rimbo%5Fterm.pdf
7400692,http://sl.se/ficktid/karta%2Fvinter/Farsta%5Fstrand%5Fterm.pdf
7400698,http://sl.se/ficktid/karta%2Fvinter/Gustavsberg%5FC%5Fterm.pdf
7400701,http://sl.se/ficktid/karta%2Fvinter/Helenelund%5Fterm.pdf
7400702,http://sl.se/ficktid/karta%2Fvinter/Huddinge%5Fstn%5Fterm.pdf
7400705,http://sl.se/ficktid/karta%2Fvinter/Jakobsberg%5Fterm.pdf
7400706,http://sl.se/ficktid/karta%2Fvinter/Jordbro%5Fterm.pdf
7400710,http://sl.se/ficktid/karta%2Fvinter/Kallhall%5Fterm.pdf
7400716,http://sl.se/ficktid/karta%2Fvinter/Morby%5FC%5Fterm.pdf
7400721,http://sl.se/ficktid/karta%2Fvinter/S%F6dert%E4lje%5FC%5Fterm.pdf
7400727,http://sl.se/ficktid/karta%2Fvinter/Nynashamn%5Fterm.pdf
7400730,http://sl.se/ficktid/karta%2Fvinter/Orminge%5FC%5Fterm.pdf
7400742,http://www.skanetrafiken.se/upload/Dokumentbank/Stationskartor2013/Gärsnäs.pdf
7400748,http://sl.se/ficktid/karta%2Fvinter/R%F6nninge%5Fterm.pdf
7400758,http://sl.se/ficktid/karta%2Fvinter/Sollentuna%5Fterm.pdf
7400759,http://sl.se/ficktid/karta%2Fvinter/Solna%5Fstn%5Fterm.pdf
7400761,http://sl.se/ficktid/karta%2Fvinter/Spangbro%5Fterm.pdf
7400764,http://sl.se/ficktid/karta%2Fvinter/Sp%E5nga%5Fterm.pdf
7400773,http://sl.se/ficktid/karta%2Fvinter/Sundbyberg%5Fterm.pdf
7400775,http://sl.se/ficktid/karta%2Fvinter/Tullinge%5Fterm.pdf
7400776,http://sl.se/ficktid/karta%2Fvinter/Tumba%5Fterm.pdf
7400778,http://sl.se/ficktid/karta%2Fvinter/Tyreso%5FC%5Fterm.pdf
7400779,http://sl.se/ficktid/karta%2Fvinter/Taby%5FC%5Fterm.pdf
7400781,http://sl.se/ficktid/karta%2Fvinter/Ulriksdal%5Fterm.pdf
7400782,http://sl.se/ficktid/karta%2Fvinter/UppVasby%5Fterm.pdf
7400783,http://sl.se/ficktid/karta%2Fvinter/Vallentuna%5Fterm.pdf
7400787,http://sl.se/ficktid/karta%2Fvinter/Vasterhaninge%5Fterm.pdf
7400788,http://sl.se/ficktid/karta%2Fvinter/Akersberga%5Fterm.pdf
7400789,http://sl.se/ficktid/karta%2Fvinter/Alvsjo%5Fterm.pdf
7400790,http://sl.se/ficktid/karta%2Fvinter/Osmo%5Fstn%5Fterm.pdf
7400791,http://sl.se/ficktid/karta%2Fvinter/%D6stert%E4lje%5Fterm.pdf
7400834,http://www.skanetrafiken.se/upload/Dokumentbank/Stationskartor2013/Stångby.pdf
7400923,http://www.klt.se/PageFiles/4604/Terminalkarta_Hogsby.pdf
7400934,http://www.skanetrafiken.se/upload/Dokumentbank/Stationskartor2013/Billeberga.pdf
7400936,http://www.skanetrafiken.se/upload/Dokumentbank/Stationskartor2013/Bjärred.pdf
7400937,http://www.skanetrafiken.se/upload/Dokumentbank/Stationskartor2013/Burlöv.pdf
7400939,http://www.skanetrafiken.se/upload/Dokumentbank/Stationskartor2013/Dösjebro.pdf
7400941,http://www.skanetrafiken.se/upload/Dokumentbank/Stationskartor2013/Gunnesbo.pdf
7400942,http://www.skanetrafiken.se/upload/Dokumentbank/Stationskartor2013/Hjärup.pdf
7400945,http://www.skanetrafiken.se/upload/Dokumentbank/Stationskartor2013/Kävlinge.pdf
7400946,http://www.skanetrafiken.se/upload/Dokumentbank/Stationskartor2013/Köpingebro.pdf
7400947,http://www.skanetrafiken.se/upload/Dokumentbank/Stationskartor2013/Lomma_busstation.pdf
7400952,http://www.skanetrafiken.se/upload/Dokumentbank/Stationskartor2013/Stehag.pdf
7400955,http://www.skanetrafiken.se/upload/Dokumentbank/Stationskartor2013/Svalöv_centrum.pdf
7400960,http://www.skanetrafiken.se/upload/Dokumentbank/Stationskartor2013/Åkarp.pdf
7400961,http://www.skanetrafiken.se/upload/Dokumentbank/Stationskartor2013/Örtofta.pdf
7400986,http://www.vasttrafik.se/Global/Kartor/Kartorjuni2012/Terminalkartor/Fyrbodal/F%c3%a4rgelandaterminalen.pdf
7400995,http://www.vasttrafik.se/Global/Kartor/Terminalkartor/LillaEdet.pdf
7401178,http://sl.se/ficktid/karta%2Fvinter/Huddinge%5Fsjukhus%5Fterm.pdf
7401179,http://sl.se/ficktid/karta%2Fvinter/Karolinska%5Fterm.pdf
7401206,http://www.vasttrafik.se/Global/Kartor/KartorDecember2012/Terminalkartor/saltholmens-brygga-saltholmen.pdf
7401234,http://www.skanetrafiken.se/upload/Dokumentbank/Stationskartor2013/Lunnarp.pdf
7401255,http://www.skanetrafiken.se/upload/Dokumentbank/Stationskartor2013/Helsingborg_Mörarp.pdf
7401270,http://www.skanetrafiken.se/upload/Dokumentbank/Stationskartor2013/Helsingborg_Ramlösa.pdf
7401307,http://www.skanetrafiken.se/upload/Dokumentbank/Stationskartor2013/Smedstorp.pdf
7401334,http://www.skanetrafiken.se/upload/Dokumentbank/Stationskartor2013/Sösdala.pdf
7401351,http://sl.se/ficktid/karta%2Fvinter/Trollbacken%5Fterm.pdf
7401537,http://www.blekingetrafiken.se//Documents/Stationskartor/Bergåsa station.pdf
7401542,http://www.skanetrafiken.se/upload/Dokumentbank/Stationskartor2013/Helsingborg_Maria.pdf
7401543,http://www.skanetrafiken.se/upload/Dokumentbank/Stationskartor2013/Ödåkra.pdf
7401544,http://www.skanetrafiken.se/upload/Dokumentbank/Stationskartor2013/Kattarp.pdf
7401546,http://www.skanetrafiken.se/upload/Dokumentbank/Stationskartor2013/Malmö_Svågertorp.pdf
7401547,http://www.skanetrafiken.se/upload/Dokumentbank/Stationskartor2013/Häljarp.pdf
7401554,http://www.skanetrafiken.se/upload/Dokumentbank/Stationskartor2013/Landskrona_centralen.pdf
7401555,http://www.skanetrafiken.se/upload/Dokumentbank/Stationskartor2013/Gantofta.pdf
7401556,http://www.skanetrafiken.se/upload/Dokumentbank/Stationskartor2013/Tågarp.pdf
7401557,http://www.skanetrafiken.se/upload/Dokumentbank/Stationskartor2013/Rydebäck.pdf
7401557,http://www.skanetrafiken.se/upload/Dokumentbank/Stationskartor2013/Helsingborg_Rydebäck.pdf
7401558,http://www.skanetrafiken.se/upload/Dokumentbank/Stationskartor2013/Glumslöv.pdf
7401564,http://www.vasttrafik.se/Global/Kartor/KartorDecember2012/Terminalkartor/alvangen-terminalkarta.pdf
7401586,http://www.skanetrafiken.se/upload/Dokumentbank/Stationskartor2013/Malmö_Hyllie.pdf
7401587,http://www.skanetrafiken.se/upload/Dokumentbank/Stationskartor2013/Malmö_Triangeln.pdf
7401591,http://www.vasttrafik.se/Global/Kartor/KartorDecember2012/Terminalkartor/lodose-sodra-station.pdf
7401600,http://www.vasttrafik.se/Global/Kartor/KartorDecember2012/Terminalkartor/terminalkarta-bohus.pdf
7401601,http://www.vasttrafik.se/Global/Kartor/KartorDecember2012/Terminalkartor/surte-station.pdf
7404046,http://sl.se/ficktid/karta%2Fvinter/Liljeholmen%5Fterm.pdf
7404197,http://www.vasttrafik.se/Global/Kartor/KartorDecember2012/Terminalkartor/vargon-fyrkanten.pdf
7404383,http://sl.se/ficktid/karta%2Fvinter/City%5Fterm.pdf
7410056,http://www.vasttrafik.se/Global/Kartor/KartorDecember2012/Terminalkartor/axvall-travbanan.pdf
7410232,http://sl.se/ficktid/karta%2Fvinter/Danderyd%5Fterm.pdf
7411004,http://sl.se/ficktid/karta%2Fvinter/Ropsten%5Fterm.pdf
7411435,http://www.vasttrafik.se/Global/Kartor/KartorDecember2012/Terminalkartor/sjukhuset-i-skovde.pdf
7411606,http://sl.se/ficktid/karta%2Fvinter/Tekniska%5FHogskolan%5Fterm.pdf
7411972,http://sl.se/ficktid/karta%2Fvinter/Osmocentrum%5Fterm.pdf
7412189,http://www.vasttrafik.se/Global/Kartor/Kartorjuni2012/Terminalkartor/Sjuh%c3%a4rad/Lockryd.pdf
7412292,http://www.vasttrafik.se/Global/Kartor/KartorDecember2012/Terminalkartor/stallbackaterminalen.pdf
7412297,http://www.vasttrafik.se/Global/Kartor/Terminalkartor/N%c3%84L.pdf
7412366,http://www.vasttrafik.se/Global/Kartor/KartorDecember2012/Terminalkartor/terminalkarta-boras-sodra-torget.pdf
7414237,http://www.klt.se/PageFiles/4604/Terminalkarta_Lanssjukhuset.pdf
7414315,http://www.klt.se/PageFiles/4604/Terminalkarta_Oskarshamn.pdf
7415000,http://sl.se/ficktid/karta%2Fvinter/Skarholmen%5Fterm.pdf
7415565,http://www.vasttrafik.se/Global/Kartor/KartorDecember2012/Terminalkartor/terminalkarta-frolunda-torg.pdf
7415568,http://www.vasttrafik.se/Global/Kartor/KartorDecember2012/Terminalkartor/heden-terminalkarta.pdf
7415569,http://www.vasttrafik.se/Global/Kartor/KartorDecember2012/Terminalkartor/hjalmarbrantingplatsen-terminalkarta.pdf
7415573,http://www.vasttrafik.se/Global/Kartor/KartorDecember2012/Terminalkartor/jarntorget-terminalkarta.pdf
7415575,http://www.vasttrafik.se/Global/Kartor/KartorDecember2012/Terminalkartor/terminalkarta-klareberg.pdf
7415578,http://www.vasttrafik.se/Global/Kartor/KartorDecember2012/Terminalkartor/korsvagen-terminalkarta.pdf
7415581,http://www.vasttrafik.se/Global/Kartor/KartorDecember2012/Terminalkartor/linneplatsen-terminalkarta.pdf
7415585,http://www.vasttrafik.se/Global/Kartor/KartorDecember2012/Terminalkartor/nordstan-terminalkarta.pdf
7415594,http://www.vasttrafik.se/Global/Kartor/KartorDecember2012/Terminalkartor/terminalkarta-snipen.pdf
7415633,http://www.vasttrafik.se/Global/Kartor/KartorDecember2012/Terminalkartor/terminalkarta-molndal-centrum-molndal-station.pdf
7415667,http://www.vasttrafik.se/Global/Kartor/KartorDecember2012/Terminalkartor/partillecentrum-terminalkarta.pdf
7415681,http://www.vasttrafik.se/Global/Kartor/KartorDecember2012/Terminalkartor/terminalkarta-vallhamra-torg.pdf
7415689,http://www.skanetrafiken.se/upload/Dokumentbank/Stationskartor2013/MalmoGustavAdolfstorg.pdf
7415747,http://www.skanetrafiken.se/upload/Dokumentbank/Stationskartor2013/MalmöKonserthuset.pdf
7415802,http://www.vasttrafik.se/Global/Kartor/Kartorjuni2012/Terminalkartor/G%c3%b6teborgsomr%c3%a5det/K%c3%a5llek%c3%a4rr%20bussterminal.pdf
7415835,http://www.vasttrafik.se/Global/Kartor/KartorDecember2012/Terminalkartor/terminalkarta-varekils-busstation.pdf
7416761,http://www.skanetrafiken.se/upload/Dokumentbank/Stationskartor2013/Lund_universitetssjukhuset.pdf
7416782,http://www.skanetrafiken.se/upload/Dokumentbank/Stationskartor2013/Malmö_södervärn.pdf
7416783,http://www.skanetrafiken.se/upload/Dokumentbank/Stationskartor2013/Malmö_Värnhem.pdf
7416922,http://www.skanetrafiken.se/upload/Dokumentbank/Stationskartor2013/Trelleborg_övre.pdf
7416940,http://www.skanetrafiken.se/upload/Dokumentbank/Stationskartor2013/Helsingborg_Vallåkra.pdf
7416981,http://www.skanetrafiken.se/upload/Dokumentbank/Stationskartor2013/Lund_botulfsplatsen.pdf
7417342,http://www.skanetrafiken.se/upload/Dokumentbank/Stationskartor2013/Landskronaskeppsbron.pdf
7420101,http://sl.se/ficktid/karta%2Fvinter/S%F6dermalmstorg%5Fterm.pdf,http://sl.se/ficktid/karta%2Fvinter/Slussen%5Fterm.pdf
7420250,http://www.vasttrafik.se/Global/Kartor/Kartorjuni2012/Terminalkartor/Skaraborg/Volvo.pdf
7420366,http://www.vasttrafik.se/Global/Kartor/Kartorjuni2012/Terminalkartor/Fyrbodal/Skansplan%20Uddevalla%20C.pdf
7420483,http://www.vasttrafik.se/Global/Kartor/KartorDecember2012/Terminalkartor/nils-ericsson-terminalen-terminalkarta.pdf
7420581,http://sl.se/ficktid/karta%2Fvinter/Brommaplan.pdf
7420749,http://sl.se/ficktid/karta%2Fvinter/City%5Fterm.pdf
7420752,http://www.vasttrafik.se/Global/Kartor/KartorDecember2012/Terminalkartor/terminalkarta-brunnsparken.pdf
7420757,http://sl.se/ficktid/karta%2Fvinter/Ropsten%5Fterm.pdf
7420759,http://www.skanetrafiken.se/upload/Dokumentbank/Stationskartor2013/Svarte.pdf
7420760,http://www.skanetrafiken.se/upload/Dokumentbank/Stationskartor2013/Oxie.pdf
7420987,http://www.vasttrafik.se/Global/Kartor/Kartorjuni2012/Terminalkartor/Skaraborg/Sandtorget.pdf
7421013,http://sl.se/ficktid/karta%2Fvinter/Odenplan%5Fterm.pdf
7421642,http://sl.se/ficktid/karta%2Fvinter/Solna%5FC%5Fterm.pdf
7421661,http://sl.se/ficktid/karta%2Fvinter/Fridhemsplan%5Fterm.pdf
7421675,http://sl.se/ficktid/karta%2Fvinter/Hallonbergen%5Fterm.pdf
7421677,http://sl.se/ficktid/karta%2Fvinter/Akalla%5Fterm.pdf
7421683,http://sl.se/ficktid/karta%2Fvinter/Vallingby%5Fterm.pdf
7421705,http://sl.se/ficktid/karta%2Fvinter/Gullmarsplan%5Fterm.pdf
7421712,http://sl.se/ficktid/karta%2Fvinter/Hogdalen%5Fterm.pdf
7421716,http://sl.se/ficktid/karta%2Fvinter/Telefonplan%5Fterm.pdf
7421719,http://sl.se/ficktid/karta%2Fvinter/Fruangen%5Fterm.pdf
7421726,http://sl.se/ficktid/karta%2Fvinter/Skarholmen%5Fterm.pdf
7421730,http://sl.se/ficktid/karta%2Fvinter/Fittja%5Fterm.pdf
7421809,http://www.ul.se/Global/Resa/Kartor/G%c3%a4vle_karta.pdf
7422481,http://www.klt.se/PageFiles/4604/Terminalkarta_OskarshamnSjukhus.pdf
7423844,http://sl.se/ficktid/karta%2Fvinter/City%5Fterm.pdf
7424063,http://www.vasttrafik.se/Global/Kartor/Kartorjuni2012/Terminalkartor/Skaraborg/S%c3%b6dra%20Ryd.pdf
7424382,http://sl.se/ficktid/karta%2Fvinter/City%5Fterm.pdf
7424920,http://sl.se/ficktid/karta%2Fvinter/Arstaberg%5Fterm.pdf
7425606,http://www.vasttrafik.se/Global/Kartor/KartorDecember2012/Terminalkartor/terminalkarta-angered%20centrum.pdf
7425609,http://www.vasttrafik.se/Global/Kartor/KartorDecember2012/Terminalkartor/terminalkarta-bellevue.pdf
7425624,http://www.vasttrafik.se/Global/Kartor/KartorDecember2012/Terminalkartor/eketragatan-terminalkarta.pdf
7425630,http://www.vasttrafik.se/Global/Kartor/KartorDecember2012/Terminalkartor/terminalkarta-gamlestadstorget-ersattning.pdf
7425647,http://www.vasttrafik.se/Global/Kartor/KartorDecember2012/Terminalkartor/kungssten-terminalkarta-ny.pdf
7425657,http://www.vasttrafik.se/Global/Kartor/KartorDecember2012/Terminalkartor/marklandsgatan-terminalkarta.pdf
7425673,http://www.vasttrafik.se/Global/Kartor/KartorDecember2012/Terminalkartor/redbergsplatsen-terminalkarta.pdf
7425703,http://www.vasttrafik.se/Global/Kartor/KartorDecember2012/Terminalkartor/terminalkarta-wavrinskys-plats.pdf
7425706,http://www.vasttrafik.se/Global/Kartor/KartorDecember2012/Terminalkartor/vagmastareplatsen-terminalkarta.pdf
7435997,http://sl.se/ficktid/karta%2Fvinter/City%5Fterm.pdf
7437637,http://www.vasttrafik.se/Global/Kartor/Kartorjuni2012/Terminalkartor/Skaraborg/Volvo.pdf
7437993,http://www.vasttrafik.se/Global/Kartor/Kartorjuni2012/Terminalkartor/Skaraborg/Centrum%20%c3%96stertull.pdf
7445530,http://sl.se/ficktid/karta%2Fvinter/Hallunda%5Fterm.pdf
7445549,http://sl.se/ficktid/karta%2Fvinter/Flemingsberg%5Fterm.pdf
7445550,http://sl.se/ficktid/karta%2Fvinter/Huddinge%5Fstn%5Fterm.pdf
7445585,http://sl.se/ficktid/karta%2Fvinter/Solna%5FC%5Fterm.pdf
7445881,http://sl.se/ficktid/karta%2Fvinter/Handen%5Fterm.pdf
7447623,http://sl.se/ficktid/karta%2Fvinter/S%F6dermalmstorg%5Fterm.pdf,http://sl.se/ficktid/karta%2Fvinter/Slussen%5Fterm.pdf
7448716,http://sl.se/ficktid/karta%2Fvinter/Liljeholmen%5Fterm.pdf
7453482,http://www.klt.se/PageFiles/4604/Terminalkarta_VastervikSjukhus.pdf
7453545,http://www.klt.se/PageFiles/4604/Terminalkarta_VastervikSjukhus.pdf
7453556,http://www.klt.se/PageFiles/4604/Terminalkarta_VastervikSjukhus.pdf
7454226,http://www.vasttrafik.se/Global/Kartor/KartorDecember2012/Terminalkartor/drottningtorget.pdf
7459361,http://www.vasttrafik.se/Global/Kartor/KartorDecember2012/Terminalkartor/torslandakrysset-terminalkarta.pdf
7459388,http://www.vasttrafik.se/Global/Kartor/KartorDecember2012/Terminalkartor/korkarlensgata-terminalkarta.pdf
7459504,http://www.vasttrafik.se/Global/Kartor/KartorDecember2012/Terminalkartor/terminalkarta-radiomotet.pdf
7459809,http://www.vasttrafik.se/Global/Kartor/KartorDecember2012/Terminalkartor/bifrost-terminalkarta.pdf
7462675,http://www.vasttrafik.se/Global/Kartor/KartorDecember2012/Terminalkartor/arena-skovde.pdf
7462683,http://www.vasttrafik.se/Global/Kartor/Kartorjuni2012/Terminalkartor/Skaraborg/Elins%20Esplanad.pdf
7467559,http://sl.se/ficktid/karta%2Fvinter/Taby%5FC%5Fterm.pdf
7468003,http://sl.se/ficktid/karta%2Fvinter/Kista%5FC%5Fterm.pdf
7469192,http://sl.se/ficktid/karta%2Fvinter/Flemingsberg%5Fterm.pdf
7469829,http://sl.se/ficktid/karta%2Fvinter/Kopmangatan%5Fterm.pdf
7470022,http://sl.se/ficktid/karta%2Fvinter/Farsta%5FC%5Fterm.pdf
